letter,landmark_0_x,landmark_0_y,landmark_0_z,landmark_1_x,landmark_1_y,landmark_1_z,landmark_2_x,landmark_2_y,landmark_2_z,landmark_3_x,landmark_3_y,landmark_3_z,landmark_4_x,landmark_4_y,landmark_4_z,landmark_5_x,landmark_5_y,landmark_5_z,landmark_6_x,landmark_6_y,landmark_6_z,landmark_7_x,landmark_7_y,landmark_7_z,landmark_8_x,landmark_8_y,landmark_8_z,landmark_9_x,landmark_9_y,landmark_9_z,landmark_10_x,landmark_10_y,landmark_10_z,landmark_11_x,landmark_11_y,landmark_11_z,landmark_12_x,landmark_12_y,landmark_12_z,landmark_13_x,landmark_13_y,landmark_13_z,landmark_14_x,landmark_14_y,landmark_14_z,landmark_15_x,landmark_15_y,landmark_15_z,landmark_16_x,landmark_16_y,landmark_16_z,landmark_17_x,landmark_17_y,landmark_17_z,landmark_18_x,landmark_18_y,landmark_18_z,landmark_19_x,landmark_19_y,landmark_19_z,landmark_20_x,landmark_20_y,landmark_20_z
a,0.2923334240913391,0.8979909420013428,-3.8345990560628707e-07,0.34453481435775757,0.8351525068283081,-0.018653370440006256,0.3761191666126251,0.7391569018363953,-0.023577779531478882,0.3870067894458771,0.6569969654083252,-0.029296167194843292,0.36586034297943115,0.5985738039016724,-0.028694305568933487,0.3238414227962494,0.6683728098869324,0.004141970071941614,0.34773683547973633,0.6121693849563599,-0.022820651531219482,0.3525329828262329,0.6874048113822937,-0.03266944736242294,0.3387526273727417,0.7082430124282837,-0.03559903800487518,0.2869078814983368,0.6770142912864685,0.0008447039872407913,0.3140895962715149,0.6235005259513855,-0.029843037948012352,0.3225388824939728,0.7104863524436951,-0.034793462604284286,0.30411258339881897,0.7217832803726196,-0.03140971064567566,0.25051459670066833,0.6964868307113647,-0.007912474684417248,0.2761573791503906,0.6430890560150146,-0.042769864201545715,0.2892179489135742,0.7254958152770996,-0.03031346946954727,0.27067190408706665,0.740488588809967,-0.013840476982295513,0.2125445008277893,0.7228693962097168,-0.017704622820019722,0.2439476102590561,0.6719726324081421,-0.037425484508275986,0.2570858299732208,0.7281203269958496,-0.022612743079662323,0.24022354185581207,0.7501513361930847,-0.006629962008446455
a,0.30230867862701416,0.90137779712677,-3.7021982279838994e-07,0.34993574023246765,0.8419426679611206,-0.016654901206493378,0.3807455599308014,0.742590069770813,-0.021461663767695427,0.39325422048568726,0.6600857973098755,-0.026518264785408974,0.37297987937927246,0.6054180264472961,-0.02526017837226391,0.3266846835613251,0.6677988171577454,0.0014648438664153218,0.35730254650115967,0.621008038520813,-0.022049905732274055,0.3589684069156647,0.6953899264335632,-0.02998637594282627,0.3422029912471771,0.7096671462059021,-0.03370102867484093,0.28793081641197205,0.6775770783424377,-0.0026007327251136303,0.321382075548172,0.6290914416313171,-0.033074744045734406,0.3290803134441376,0.7140791416168213,-0.03837644308805466,0.3103325664997101,0.7217828631401062,-0.03652309626340866,0.2522706389427185,0.7003241777420044,-0.010794979520142078,0.2822006046772003,0.6506325602531433,-0.04381765052676201,0.29700416326522827,0.7311720848083496,-0.030528442934155464,0.2779286503791809,0.7451115846633911,-0.015313253737986088,0.21755123138427734,0.7287941575050354,-0.01980149932205677,0.25109049677848816,0.6809675693511963,-0.03868087753653526,0.2660471498966217,0.7376117706298828,-0.024050967767834663,0.24930313229560852,0.7570706009864807,-0.009265033528208733
a,0.3035465478897095,0.8987752795219421,-3.763439622161968e-07,0.3500750958919525,0.8420405387878418,-0.01687672920525074,0.382260799407959,0.7423200607299805,-0.021884337067604065,0.3937203884124756,0.6587051749229431,-0.02686300128698349,0.3724721372127533,0.6046457290649414,-0.025530360639095306,0.32844647765159607,0.6686272621154785,-0.0006489439401775599,0.3582434356212616,0.6213939189910889,-0.023850945755839348,0.3591698110103607,0.6965675354003906,-0.030837293714284897,0.3433906137943268,0.7111959457397461,-0.03389700502157211,0.289004921913147,0.6776509881019592,-0.004236523527652025,0.3222758173942566,0.6295754909515381,-0.034622423350811005,0.3288419842720032,0.7152525782585144,-0.03910787031054497,0.3107433021068573,0.722424328327179,-0.036767009645700455,0.25336411595344543,0.6993857026100159,-0.011780783534049988,0.28354576230049133,0.6506416201591492,-0.04425501823425293,0.2972199022769928,0.7312838435173035,-0.030356088653206825,0.2786136269569397,0.7453737258911133,-0.014968954026699066,0.218536376953125,0.7267072796821594,-0.02015291526913643,0.25256508588790894,0.6795927882194519,-0.03839751332998276,0.2669711112976074,0.7364134192466736,-0.02372290939092636,0.2503427267074585,0.7554733753204346,-0.009107504971325397
a,0.30353569984436035,0.8986939191818237,-3.7288765497578424e-07,0.3512631952762604,0.8386355638504028,-0.01749892346560955,0.3814137279987335,0.7421841025352478,-0.023031406104564667,0.3943275511264801,0.6603377461433411,-0.02906458079814911,0.37199997901916504,0.6058931946754456,-0.028798909857869148,0.3292195498943329,0.6694334149360657,0.0019651849288493395,0.35732364654541016,0.6194050312042236,-0.022985657677054405,0.3597915470600128,0.6945446729660034,-0.03164846822619438,0.3442254960536957,0.7118680477142334,-0.03507800027728081,0.29158493876457214,0.6782798171043396,-0.0018295570043846965,0.32232099771499634,0.6281558871269226,-0.032432250678539276,0.32985183596611023,0.7139022946357727,-0.03707197681069374,0.31138086318969727,0.7234888672828674,-0.03425202518701553,0.2557374835014343,0.6996681690216064,-0.010307256132364273,0.28432708978652954,0.6491968631744385,-0.043505240231752396,0.2980850636959076,0.729995608329773,-0.030104177072644234,0.27927082777023315,0.7451156973838806,-0.01425169873982668,0.22016531229019165,0.7273869514465332,-0.01976732350885868,0.2532198131084442,0.6787703037261963,-0.03831660374999046,0.2672935128211975,0.7348328828811646,-0.023530181497335434,0.25069528818130493,0.7554980516433716,-0.008362235501408577
a,0.30378416180610657,0.9003132581710815,-3.701215405271796e-07,0.3509771227836609,0.8388132452964783,-0.017242975533008575,0.3818095326423645,0.7413703203201294,-0.02266550250351429,0.39515942335128784,0.6598634123802185,-0.02866472117602825,0.3736615777015686,0.6050317287445068,-0.028440266847610474,0.3286344110965729,0.6665616035461426,0.002875599777325988,0.35872769355773926,0.6184670925140381,-0.021695515140891075,0.36074361205101013,0.6933164000511169,-0.0307663194835186,0.34433653950691223,0.7085756063461304,-0.03478194400668144,0.2907951772212982,0.6759311556816101,-0.0010564042022451758,0.3233221471309662,0.6275859475135803,-0.0316171757876873,0.3305796980857849,0.7127907872200012,-0.03715194761753082,0.311637818813324,0.7214933037757874,-0.03516668453812599,0.25498929619789124,0.6980153918266296,-0.009533925913274288,0.28486907482147217,0.6481688618659973,-0.04273213446140289,0.298559308052063,0.7288317680358887,-0.02998455986380577,0.27931272983551025,0.7432613372802734,-0.014760110527276993,0.2196909636259079,0.7262235879898071,-0.01891113817691803,0.2534666061401367,0.6774709224700928,-0.03737225383520126,0.26775968074798584,0.7339366674423218,-0.022634541615843773,0.2512545585632324,0.7542613744735718,-0.007594390772283077
a,0.3017611503601074,0.8969917297363281,-3.87099419185688e-07,0.3507304787635803,0.8373703360557556,-0.017446869984269142,0.3808736801147461,0.7385807633399963,-0.02250099740922451,0.3938656449317932,0.6553554534912109,-0.028102094307541847,0.37157630920410156,0.601129412651062,-0.027463750913739204,0.3283165991306305,0.665581464767456,0.002366327913478017,0.3579631447792053,0.6152713894844055,-0.02234731800854206,0.3602527379989624,0.6903108954429626,-0.030989177525043488,0.3444490432739258,0.7053720951080322,-0.03473103046417236,0.2913684844970703,0.6745775938034058,-0.0015211078571155667,0.32262879610061646,0.6243230104446411,-0.032231248915195465,0.32965683937072754,0.7104111313819885,-0.03695043548941612,0.3109734058380127,0.7185471057891846,-0.03437308222055435,0.2559327483177185,0.6957976818084717,-0.010107047855854034,0.2850348651409149,0.6447374224662781,-0.04364936053752899,0.2978324294090271,0.7264686822891235,-0.030293134972453117,0.27836740016937256,0.7409380078315735,-0.014651729725301266,0.22021476924419403,0.7228529453277588,-0.01965620368719101,0.2531449794769287,0.6745760440826416,-0.03845648840069771,0.2669318914413452,0.7313839793205261,-0.023846451193094254,0.2503177225589752,0.7513288259506226,-0.008992158807814121
a,0.3021453022956848,0.8942666053771973,-3.8095126342341246e-07,0.35072246193885803,0.8341660499572754,-0.01738068088889122,0.3806028664112091,0.7357495427131653,-0.022463304921984673,0.3934544324874878,0.6527916789054871,-0.028185879811644554,0.3702252209186554,0.5993984937667847,-0.027777401730418205,0.3282676041126251,0.6635348200798035,0.0031730677001178265,0.3573715388774872,0.6139124631881714,-0.021632755175232887,0.3597989082336426,0.6885483264923096,-0.0306356530636549,0.3440641760826111,0.7037168741226196,-0.03455667570233345,0.29155442118644714,0.6724363565444946,-0.0007489491836167872,0.32211485505104065,0.6224170923233032,-0.031064767390489578,0.3294203579425812,0.7083082795143127,-0.03560884669423103,0.31094521284103394,0.7165331840515137,-0.03287694230675697,0.2560121715068817,0.693474531173706,-0.00950996857136488,0.28446337580680847,0.6424640417098999,-0.04303489625453949,0.29753705859184265,0.7241596579551697,-0.02981913462281227,0.2783414423465729,0.7387847900390625,-0.014150472357869148,0.22000780701637268,0.7203385233879089,-0.019241496920585632,0.25276613235473633,0.6723822355270386,-0.03800018131732941,0.26631346344947815,0.7291828989982605,-0.02343473583459854,0.24972765147686005,0.7493776679039001,-0.0085844025015831
a,0.30209389328956604,0.8935698866844177,-3.7745118675047706e-07,0.34990736842155457,0.8335385918617249,-0.017289340496063232,0.3802688717842102,0.7352344989776611,-0.022762959823012352,0.3929988145828247,0.6522390246391296,-0.028785958886146545,0.3704184889793396,0.5982474684715271,-0.02860286645591259,0.32753869891166687,0.6608279347419739,0.0022299475967884064,0.35692834854125977,0.6117526292800903,-0.02271030656993389,0.35881251096725464,0.6866124272346497,-0.03192765265703201,0.34309494495391846,0.7019417881965637,-0.03605765849351883,0.29030048847198486,0.6704025864601135,-0.0018074687104672194,0.3218620717525482,0.6210190653800964,-0.03255179151892662,0.3289795219898224,0.7063791751861572,-0.03768186271190643,0.3106319308280945,0.7144533395767212,-0.03538741543889046,0.2547655403614044,0.6921260356903076,-0.010440068319439888,0.28388532996177673,0.6419568657875061,-0.04387578368186951,0.2972877323627472,0.7227460145950317,-0.03069326840341091,0.27840691804885864,0.7370010018348694,-0.015142101794481277,0.2192874401807785,0.7198889851570129,-0.02001628652215004,0.25245431065559387,0.6716482639312744,-0.03867436572909355,0.2663937211036682,0.7282048463821411,-0.02389909140765667,0.24988695979118347,0.7483187913894653,-0.008840054273605347
a,0.302926629781723,0.8958806991577148,-3.8149485703797836e-07,0.34993964433670044,0.8360894322395325,-0.01693740300834179,0.38207000494003296,0.7377276420593262,-0.02215537428855896,0.3936118483543396,0.6549771428108215,-0.027882883325219154,0.3717036843299866,0.5999670028686523,-0.02732406184077263,0.3287065029144287,0.6614506244659424,0.0034764406736940145,0.3592502474784851,0.6148529052734375,-0.021514849737286568,0.3595837354660034,0.6892887949943542,-0.03086903505027294,0.3429696559906006,0.704996645450592,-0.03508276119828224,0.29009518027305603,0.6703706383705139,-0.0006278682849369943,0.3234235346317291,0.6219602227210999,-0.031869616359472275,0.32999497652053833,0.7074956893920898,-0.037834201008081436,0.3115200698375702,0.716143012046814,-0.03597604110836983,0.25437214970588684,0.6920022964477539,-0.00923197716474533,0.284335732460022,0.6433420181274414,-0.043081846088171005,0.29798024892807007,0.7246268391609192,-0.030378296971321106,0.27914726734161377,0.7388845086097717,-0.01499946415424347,0.21910467743873596,0.720016360282898,-0.01867443323135376,0.2527238130569458,0.6720770001411438,-0.03735651448369026,0.26708948612213135,0.7293059825897217,-0.022576171904802322,0.2505398690700531,0.7490801215171814,-0.007451855577528477
a,0.30929723381996155,0.8917407393455505,-3.69412020972959e-07,0.35649099946022034,0.829735279083252,-0.016212470829486847,0.3865489065647125,0.7338722944259644,-0.021385515108704567,0.39993616938591003,0.6516411304473877,-0.02754191868007183,0.37853625416755676,0.5962880849838257,-0.027657076716423035,0.3357014060020447,0.6616185903549194,0.004817706532776356,0.3646704852581024,0.6149129271507263,-0.01974145695567131,0.36491474509239197,0.6865530610084534,-0.029110409319400787,0.34866324067115784,0.7003719210624695,-0.033192481845617294,0.2985382676124573,0.6704319715499878,0.0003324597782921046,0.3299923539161682,0.6230926513671875,-0.028587304055690765,0.3354750871658325,0.7054840922355652,-0.0332457460463047,0.3167271614074707,0.7107270359992981,-0.0308650154620409,0.2628687918186188,0.690199077129364,-0.008972221054136753,0.29174625873565674,0.6427932977676392,-0.04101421311497688,0.30327627062797546,0.7211489677429199,-0.02866581827402115,0.28403931856155396,0.7331987619400024,-0.013928327709436417,0.2272416055202484,0.7160858511924744,-0.01920834556221962,0.2603978216648102,0.6693412065505981,-0.03670456260442734,0.27265724539756775,0.7246767282485962,-0.022046079859137535,0.2559053301811218,0.7444157600402832,-0.0071761710569262505
a,0.33792105317115784,0.8911316394805908,-4.081691713508917e-07,0.3844130337238312,0.8325474262237549,-0.014503087848424911,0.41905295848846436,0.7366878390312195,-0.019584521651268005,0.4370630085468292,0.6583094596862793,-0.025872666388750076,0.4221407473087311,0.6031597852706909,-0.026036856696009636,0.3629373013973236,0.6597661972045898,0.0024651894345879555,0.3976111114025116,0.6137005686759949,-0.020547304302453995,0.3983922004699707,0.6879006028175354,-0.026958083733916283,0.37901026010513306,0.7044622898101807,-0.029114658012986183,0.32561779022216797,0.6666864156723022,-0.0024441727437078953,0.36659473180770874,0.6232513189315796,-0.030881939455866814,0.37198594212532043,0.7088399529457092,-0.03453293442726135,0.3502156734466553,0.7178083658218384,-0.0316159687936306,0.2908410429954529,0.6862208843231201,-0.01151509303599596,0.3288246989250183,0.638143002986908,-0.042753078043460846,0.34105977416038513,0.7196400165557861,-0.029661571606993675,0.3186597526073456,0.7349604368209839,-0.014880522154271603,0.25655683875083923,0.7121966481208801,-0.021357065066695213,0.29768073558807373,0.6638855338096619,-0.03957872837781906,0.31140246987342834,0.7209377288818359,-0.02572990395128727,0.29248571395874023,0.7423961162567139,-0.011487792246043682
a,0.3313978910446167,0.8833135366439819,-3.9409326291206526e-07,0.3806162476539612,0.8239035606384277,-0.016785109415650368,0.4149726927280426,0.7295825481414795,-0.022534670308232307,0.4333556294441223,0.6483240127563477,-0.02956434339284897,0.41162434220314026,0.5957273244857788,-0.031061941757798195,0.36161109805107117,0.6523439884185791,0.003000920172780752,0.39295533299446106,0.6033810377120972,-0.022430695593357086,0.3949515223503113,0.6779700517654419,-0.032301340252161026,0.378116250038147,0.6971721053123474,-0.03600619360804558,0.3255103528499603,0.6598434448242188,-0.0012722383253276348,0.3605412244796753,0.6141044497489929,-0.030117614194750786,0.3651181757450104,0.7005971670150757,-0.034381091594696045,0.3434338867664337,0.7103132605552673,-0.03146972134709358,0.2903662621974945,0.6788907051086426,-0.010446755215525627,0.32356467843055725,0.6315251588821411,-0.042272672057151794,0.3330704867839813,0.7114952802658081,-0.029796728864312172,0.3109934329986572,0.7267627120018005,-0.01464714016765356,0.2543439269065857,0.7057377696037292,-0.020641718059778214,0.2898010313510895,0.6556346416473389,-0.0384085550904274,0.3017977774143219,0.7095101475715637,-0.023708852007985115,0.28421550989151,0.731960654258728,-0.008437084034085274
a,0.2968003749847412,0.881006121635437,-3.744464720512042e-07,0.3482256233692169,0.8216190338134766,-0.01778809167444706,0.3803938627243042,0.7224183678627014,-0.022668329998850822,0.39478713274002075,0.636631965637207,-0.028076790273189545,0.3725644052028656,0.5825238227844238,-0.027412723749876022,0.32864993810653687,0.6469858288764954,0.003092295490205288,0.35616594552993774,0.5962304472923279,-0.020419392734766006,0.3558675944805145,0.6736881136894226,-0.028575055301189423,0.3398423492908478,0.6878669857978821,-0.032155368477106094,0.2908691465854645,0.6542615294456482,-0.00040525602526031435,0.3196270763874054,0.6069810390472412,-0.027592429891228676,0.3259245455265045,0.6934627294540405,-0.030121730640530586,0.30835893750190735,0.697795033454895,-0.026537904515862465,0.2539181709289551,0.6752708554267883,-0.008897691033780575,0.27943187952041626,0.6238504648208618,-0.039541229605674744,0.2927347421646118,0.7057027816772461,-0.025375474244356155,0.27388715744018555,0.7182561159133911,-0.00979252252727747,0.21637922525405884,0.7017389535903931,-0.018605301156640053,0.24587689340114594,0.6554091572761536,-0.036018963903188705,0.2597573399543762,0.710632860660553,-0.021425599232316017,0.24386781454086304,0.7293042540550232,-0.006763935089111328
a,0.2737441062927246,0.885272741317749,-4.0004317725106375e-07,0.3238849341869354,0.8218720555305481,-0.019923128187656403,0.35359957814216614,0.7205016016960144,-0.02484153024852276,0.36393946409225464,0.6333820223808289,-0.02996586263179779,0.3363790214061737,0.58185875415802,-0.02843952551484108,0.29882189631462097,0.6502537727355957,0.004410323686897755,0.32280611991882324,0.5949616432189941,-0.02202325314283371,0.32723256945610046,0.6712372899055481,-0.03208756446838379,0.3109336495399475,0.6870005130767822,-0.03602622449398041,0.261841744184494,0.659395694732666,0.001670106896199286,0.28807976841926575,0.6051698327064514,-0.02779316157102585,0.2981802225112915,0.6931818723678589,-0.03132542222738266,0.2791268527507782,0.700299084186554,-0.027361638844013214,0.22562377154827118,0.6800816655158997,-0.0068363649770617485,0.24861963093280792,0.6252720355987549,-0.040959469974040985,0.2647280693054199,0.7083414196968079,-0.027953406795859337,0.24580079317092896,0.7220590114593506,-0.011687393300235271,0.18877768516540527,0.7071057558059692,-0.01664390042424202,0.21771235764026642,0.6571352481842041,-0.03604041039943695,0.23205874860286713,0.7137916088104248,-0.021549001336097717,0.21550700068473816,0.7352468371391296,-0.00616502296179533
b,0.27704182267189026,0.9176082015037537,3.911307260295871e-07,0.33266228437423706,0.8645647764205933,-0.025786705315113068,0.3636133074760437,0.7597948908805847,-0.03076634369790554,0.3288520872592926,0.6827253103256226,-0.03367999568581581,0.2778972387313843,0.6695443391799927,-0.03634733706712723,0.3430234491825104,0.6491960883140564,-0.008361912332475185,0.3529840111732483,0.5513231754302979,-0.01999608986079693,0.35561802983283997,0.49072468280792236,-0.03320331871509552,0.35473522543907166,0.43687841296195984,-0.04472070932388306,0.3056327700614929,0.6391875147819519,-0.010438541881740093,0.31758779287338257,0.5317439436912537,-0.01891055330634117,0.32587873935699463,0.46177881956100464,-0.0313042476773262,0.33040574193000793,0.40182167291641235,-0.04185605049133301,0.27101004123687744,0.6536632776260376,-0.016982410103082657,0.27656206488609314,0.5511433482170105,-0.02801794372498989,0.2860126197338104,0.4854243993759155,-0.04209861904382706,0.29158952832221985,0.42918866872787476,-0.05317855253815651,0.23437854647636414,0.6853905916213989,-0.02672507055103779,0.2329469621181488,0.6058223247528076,-0.038695767521858215,0.235120952129364,0.5530616044998169,-0.04637141153216362,0.23591840267181396,0.504464328289032,-0.053016189485788345
b,0.276440292596817,0.8957175612449646,3.755563682261709e-07,0.33143001794815063,0.843933641910553,-0.02648731879889965,0.3598614037036896,0.7378917336463928,-0.03175318241119385,0.32284608483314514,0.6608158349990845,-0.034842442721128464,0.27203959226608276,0.64696204662323,-0.03753923997282982,0.3378707468509674,0.62955641746521,-0.0088798264041543,0.3465547263622284,0.5325135588645935,-0.021171685308218002,0.34877991676330566,0.472413569688797,-0.03486614674329758,0.3483439087867737,0.4185388684272766,-0.0469093918800354,0.3006095290184021,0.6195287108421326,-0.010519963689148426,0.31017211079597473,0.5132770538330078,-0.019559768959879875,0.3176723122596741,0.44419944286346436,-0.03222137317061424,0.32205259799957275,0.38549280166625977,-0.04314178228378296,0.2668846845626831,0.6338579654693604,-0.016784802079200745,0.27001458406448364,0.5321474075317383,-0.028168709948658943,0.27830392122268677,0.4670222997665405,-0.042221687734127045,0.2826191484928131,0.4115546941757202,-0.05343817546963692,0.23167839646339417,0.6650733351707458,-0.0263507217168808,0.22997957468032837,0.5870571732521057,-0.038822922855615616,0.2316315770149231,0.5338631272315979,-0.0472487173974514,0.23178929090499878,0.48436641693115234,-0.05457577854394913
b,0.27424147725105286,0.8987269401550293,3.7800532481924165e-07,0.32895731925964355,0.846617579460144,-0.026596084237098694,0.35656195878982544,0.7402265071868896,-0.03192313760519028,0.31979870796203613,0.6637390851974487,-0.035059355199337006,0.26869654655456543,0.6509469151496887,-0.037857867777347565,0.3352494239807129,0.6322576999664307,-0.009362829849123955,0.3433615565299988,0.5357896089553833,-0.02183120884001255,0.34562748670578003,0.47579169273376465,-0.035674259066581726,0.34567970037460327,0.4219557046890259,-0.047890063375234604,0.29766058921813965,0.6219745874404907,-0.011117666959762573,0.306164026260376,0.5161672830581665,-0.020489560440182686,0.31327542662620544,0.44672465324401855,-0.033535607159137726,0.3177642822265625,0.387190580368042,-0.044751640409231186,0.263704389333725,0.6367660164833069,-0.017460225149989128,0.26630648970603943,0.5355183482170105,-0.029264142736792564,0.27474385499954224,0.4699017405509949,-0.04385798051953316,0.2795584499835968,0.41368600726127625,-0.055449228733778,0.22868265211582184,0.6683193445205688,-0.027069829404354095,0.22704073786735535,0.5904965400695801,-0.03999454155564308,0.22924184799194336,0.537229061126709,-0.04883944243192673,0.23012235760688782,0.48745787143707275,-0.056485000997781754
b,0.27303215861320496,0.9034671783447266,3.756047988190403e-07,0.32731789350509644,0.8513613343238831,-0.025941912084817886,0.3549415171146393,0.7439716458320618,-0.030826978385448456,0.31761112809181213,0.6683902144432068,-0.03379872068762779,0.26538732647895813,0.658431351184845,-0.03655549883842468,0.3315912187099457,0.6336504817008972,-0.00797711219638586,0.33871710300445557,0.537467896938324,-0.020258022472262383,0.3403822183609009,0.47719717025756836,-0.03427165001630783,0.3400997817516327,0.4230332374572754,-0.04667692258954048,0.29365774989128113,0.6247215270996094,-0.010284502059221268,0.30147016048431396,0.5197157263755798,-0.019429560750722885,0.30850425362586975,0.4501503109931946,-0.03267183154821396,0.3131735920906067,0.39037999510765076,-0.04409393295645714,0.25986483693122864,0.640614926815033,-0.017237070947885513,0.2610129117965698,0.539931058883667,-0.028842614963650703,0.26911428570747375,0.47364455461502075,-0.04349691420793533,0.2740357220172882,0.41683435440063477,-0.05514248088002205,0.22521887719631195,0.6729864478111267,-0.027485910803079605,0.22256587445735931,0.594323992729187,-0.04007233306765556,0.22412195801734924,0.5402693152427673,-0.048737432807683945,0.2247292548418045,0.4898441433906555,-0.05634221434593201
b,0.27167415618896484,0.902838408946991,3.8600452967330057e-07,0.32550299167633057,0.8498901128768921,-0.027147695422172546,0.35343003273010254,0.7444767951965332,-0.03323492035269737,0.31597480177879333,0.6693774461746216,-0.03709946572780609,0.2643123269081116,0.6583070755004883,-0.040660612285137177,0.3305324912071228,0.6345177292823792,-0.010796058923006058,0.33830317854881287,0.5377120971679688,-0.023953737691044807,0.34000372886657715,0.4772334694862366,-0.03827514499425888,0.33951428532600403,0.42275291681289673,-0.05079922452569008,0.29271671175956726,0.6247089505195618,-0.012794775888323784,0.30093687772750854,0.5184327363967896,-0.022655444219708443,0.3076765537261963,0.44838207960128784,-0.03601443022489548,0.3118675947189331,0.38813886046409607,-0.04749824479222298,0.25890010595321655,0.640185534954071,-0.019383220002055168,0.26110002398490906,0.5384312272071838,-0.03154880926012993,0.2690224051475525,0.47174346446990967,-0.046334367245435715,0.2734937071800232,0.4143317639827728,-0.05809306725859642,0.2240537852048874,0.6728160977363586,-0.029303478077054024,0.22121229767799377,0.5949144959449768,-0.042416997253894806,0.22230428457260132,0.540838897228241,-0.05130980908870697,0.22215941548347473,0.4901922345161438,-0.05901864916086197
b,0.2703476846218109,0.9024066925048828,3.89855586035992e-07,0.32456231117248535,0.8496907353401184,-0.02766655571758747,0.352290540933609,0.7432159185409546,-0.0338602140545845,0.31439393758773804,0.667503833770752,-0.037700340151786804,0.26260262727737427,0.6567261219024658,-0.04110097140073776,0.3298373222351074,0.6332308650016785,-0.0112789086997509,0.33731892704963684,0.5356491804122925,-0.024404430761933327,0.33892822265625,0.4747014045715332,-0.03855108469724655,0.3382100760936737,0.41988876461982727,-0.050917454063892365,0.29199692606925964,0.623351514339447,-0.012960790656507015,0.30028289556503296,0.5165364742279053,-0.022806871682405472,0.30699676275253296,0.44590675830841064,-0.03584710881114006,0.3111654818058014,0.3850795030593872,-0.04701025411486626,0.2582274079322815,0.6385494470596313,-0.019282756373286247,0.2605101466178894,0.5363637208938599,-0.03138450160622597,0.26867735385894775,0.4697180688381195,-0.04593203216791153,0.27329763770103455,0.41237589716911316,-0.05745312198996544,0.22335320711135864,0.6709007620811462,-0.029011383652687073,0.2200092077255249,0.5927354097366333,-0.042073626071214676,0.22079406678676605,0.5386216044425964,-0.05092975124716759,0.22043374180793762,0.48793962597846985,-0.05855235829949379
b,0.27337637543678284,0.8996058106422424,3.765686642509536e-07,0.3274849057197571,0.8469816446304321,-0.02684197574853897,0.3548698425292969,0.7409955859184265,-0.03242991119623184,0.31740936636924744,0.6664223670959473,-0.03588685765862465,0.2659602165222168,0.6538260579109192,-0.038990285247564316,0.334873765707016,0.6315215229988098,-0.009520008228719234,0.3416562080383301,0.5347339510917664,-0.02274172753095627,0.34319454431533813,0.4738003611564636,-0.03691012039780617,0.34279581904411316,0.41960522532463074,-0.04927275702357292,0.2968440651893616,0.6217188835144043,-0.01147502101957798,0.30463293194770813,0.5154650211334229,-0.022058790549635887,0.3114948570728302,0.44523152709007263,-0.03522632271051407,0.31665685772895813,0.38588687777519226,-0.04617001488804817,0.26259568333625793,0.6371309161186218,-0.018133660778403282,0.26497122645378113,0.5334236025810242,-0.031287454068660736,0.2727077007293701,0.4664226174354553,-0.04572078958153725,0.27804532647132874,0.40928205847740173,-0.056830886751413345,0.2275998741388321,0.6699194312095642,-0.028104964643716812,0.22461840510368347,0.5920507311820984,-0.042173124849796295,0.22574889659881592,0.5382992029190063,-0.0511741004884243,0.22652028501033783,0.48802468180656433,-0.05864959582686424
b,0.27356094121932983,0.8968271017074585,3.9445308175345417e-07,0.3284217119216919,0.8447369933128357,-0.027441905811429024,0.35642769932746887,0.7391226291656494,-0.03331174701452255,0.31867456436157227,0.6643926501274109,-0.03687634691596031,0.26726633310317993,0.6519559621810913,-0.04007580131292343,0.3340606093406677,0.6298936605453491,-0.010732614435255527,0.34224382042884827,0.5331266522407532,-0.024042261764407158,0.3445781171321869,0.47270965576171875,-0.03828437626361847,0.3447754383087158,0.4184888005256653,-0.05063999071717262,0.2964112460613251,0.6196813583374023,-0.012353723868727684,0.305207759141922,0.5130366086959839,-0.022517072036862373,0.31271418929100037,0.44259077310562134,-0.0357096828520298,0.31798508763313293,0.38234448432922363,-0.04686146602034569,0.2626133859157562,0.6346254348754883,-0.018667766824364662,0.2652275264263153,0.5314534902572632,-0.03117690607905388,0.2734614908695221,0.46505188941955566,-0.04588096961379051,0.2785593569278717,0.4081163704395294,-0.057350970804691315,0.22784453630447388,0.6668502688407898,-0.02833058498799801,0.22471874952316284,0.5886620283126831,-0.04173048213124275,0.2257501482963562,0.5347593426704407,-0.05077057704329491,0.22603149712085724,0.48407140374183655,-0.05844593793153763
b,0.28335443139076233,0.8946366310119629,3.941020167985698e-07,0.3398984968662262,0.8462534546852112,-0.026210252195596695,0.3694264888763428,0.7410237789154053,-0.03116600029170513,0.33284685015678406,0.6661140322685242,-0.0340130589902401,0.28148820996284485,0.6558114886283875,-0.03658118471503258,0.3500356078147888,0.6322896480560303,-0.010212582536041737,0.36012423038482666,0.5356413722038269,-0.023069733753800392,0.3636331558227539,0.47408396005630493,-0.03660370409488678,0.3646795153617859,0.4202497601509094,-0.04841587319970131,0.31290391087532043,0.6205083727836609,-0.012137996032834053,0.3232969343662262,0.5140188336372375,-0.022271404042840004,0.3328617513179779,0.44310373067855835,-0.03486248105764389,0.3396475911140442,0.38438642024993896,-0.04519296810030937,0.2789108157157898,0.6340282559394836,-0.018578968942165375,0.2820528447628021,0.5298869609832764,-0.03128626570105553,0.29073476791381836,0.46315181255340576,-0.045972857624292374,0.29644113779067993,0.4073351323604584,-0.057083018124103546,0.24395671486854553,0.6647776365280151,-0.02820383943617344,0.24102537333965302,0.587249755859375,-0.04167060926556587,0.24257037043571472,0.5340863466262817,-0.05058924853801727,0.24346767365932465,0.48569801449775696,-0.05795344337821007
b,0.30819985270500183,0.9000416398048401,4.213748070469592e-07,0.36352378129959106,0.8520898222923279,-0.025827057659626007,0.3959121108055115,0.7515525817871094,-0.03214672952890396,0.36031287908554077,0.6790769696235657,-0.036581676453351974,0.30983367562294006,0.6680949926376343,-0.041078973561525345,0.37546905875205994,0.6428967714309692,-0.013762300834059715,0.39006757736206055,0.5455746054649353,-0.028478000313043594,0.39670005440711975,0.4833242893218994,-0.04282645881175995,0.4005117416381836,0.4286724925041199,-0.05493077635765076,0.33951008319854736,0.6318124532699585,-0.016995199024677277,0.35290539264678955,0.5225437879562378,-0.02847013995051384,0.3640044629573822,0.45032936334609985,-0.04182830825448036,0.37160417437553406,0.39011693000793457,-0.05279159173369408,0.3068870007991791,0.6463208198547363,-0.024475041776895523,0.31282520294189453,0.5414551496505737,-0.03799571841955185,0.3235958218574524,0.4739971160888672,-0.05270984768867493,0.3308236598968506,0.41774484515190125,-0.06381390988826752,0.2729104161262512,0.6776440739631653,-0.035083115100860596,0.27170833945274353,0.5976738333702087,-0.049114711582660675,0.2742151916027069,0.5419442653656006,-0.057990580797195435,0.27583980560302734,0.4911893606185913,-0.06527876108884811
b,0.24215832352638245,0.898650050163269,4.200101955120772e-07,0.29537561535835266,0.8428831696510315,-0.027840957045555115,0.3194276690483093,0.7398947477340698,-0.0352160707116127,0.2773236632347107,0.6701610684394836,-0.040505487471818924,0.22409769892692566,0.6639131307601929,-0.04540640860795975,0.299013614654541,0.6279000043869019,-0.011558192782104015,0.30389636754989624,0.5300883054733276,-0.02538796328008175,0.3037860095500946,0.46871766448020935,-0.0402313694357872,0.3014965355396271,0.41351351141929626,-0.0533292219042778,0.25924429297447205,0.6188957095146179,-0.014264510944485664,0.2648133933544159,0.5115169286727905,-0.025352397933602333,0.27046504616737366,0.43948280811309814,-0.03998957946896553,0.2739078104496002,0.3773024380207062,-0.05241375416517258,0.22381573915481567,0.6360553503036499,-0.021632274612784386,0.22388915717601776,0.5333122611045837,-0.03539765626192093,0.2307758927345276,0.46473562717437744,-0.05201682448387146,0.2349507063627243,0.4054313600063324,-0.06483054906129837,0.18810027837753296,0.6710167527198792,-0.032287951558828354,0.18322327733039856,0.5931261777877808,-0.047062262892723083,0.18341411650180817,0.5373708009719849,-0.0574641115963459,0.1830233335494995,0.4852965772151947,-0.06615540385246277
b,0.22605206072330475,0.9051020741462708,4.275389073882252e-07,0.27790313959121704,0.8494709134101868,-0.028318781405687332,0.2982489764690399,0.7442257404327393,-0.036020103842020035,0.2536899745464325,0.6744780540466309,-0.0415973924100399,0.19978542625904083,0.666027307510376,-0.04719441756606102,0.27623847126960754,0.6312049031257629,-0.014035257510840893,0.27888017892837524,0.5304756164550781,-0.028947774320840836,0.2772281765937805,0.46762895584106445,-0.04429036006331444,0.27372169494628906,0.4124528169631958,-0.057291582226753235,0.23592627048492432,0.6254199743270874,-0.016643842682242393,0.23987014591693878,0.5148965120315552,-0.028193186968564987,0.2427826076745987,0.4416630268096924,-0.043033894151449203,0.24354907870292664,0.38034626841545105,-0.05541393160820007,0.20007966458797455,0.6448705196380615,-0.023804033175110817,0.19876879453659058,0.5370328426361084,-0.037280987948179245,0.20307326316833496,0.46705183386802673,-0.05327150598168373,0.20435774326324463,0.4081948399543762,-0.06568440049886703,0.16338834166526794,0.6818423271179199,-0.034265123307704926,0.15682625770568848,0.6001400947570801,-0.048736415803432465,0.1561732441186905,0.5426817536354065,-0.058524832129478455,0.15543627738952637,0.48936402797698975,-0.06667119264602661
c,0.2699401080608368,0.8575973510742188,3.7534798025262717e-07,0.32694315910339355,0.8279247879981995,-0.0009666026453487575,0.3752484619617462,0.7745421528816223,-0.010144145227968693,0.41900017857551575,0.7485780715942383,-0.02522510476410389,0.4588632583618164,0.730055570602417,-0.04060538858175278,0.33129748702049255,0.6566554307937622,0.003160728607326746,0.3443276584148407,0.5752795934677124,-0.017517028376460075,0.3784783184528351,0.5575302243232727,-0.03506184369325638,0.4094544053077698,0.5631868839263916,-0.04561452567577362,0.3119361996650696,0.6565321683883667,-0.0128098763525486,0.32759812474250793,0.5602945685386658,-0.033381469547748566,0.37065643072128296,0.5453776717185974,-0.049589287489652634,0.4050215184688568,0.5641756653785706,-0.0585520938038826,0.29439616203308105,0.6679471135139465,-0.0313849151134491,0.31557342410087585,0.5761110186576843,-0.04950031265616417,0.36072802543640137,0.5606033802032471,-0.05921286717057228,0.3979482352733612,0.5720416307449341,-0.0635821521282196,0.2814312279224396,0.690614640712738,-0.050989147275686264,0.3064174950122833,0.6255171895027161,-0.0667484775185585,0.3409148156642914,0.5984369516372681,-0.07328662276268005,0.37184447050094604,0.5917948484420776,-0.07580678164958954
c,0.25657761096954346,0.8658027648925781,3.5214694094065635e-07,0.3169386684894562,0.8312025666236877,0.0009145697113126516,0.3639008104801178,0.7791475057601929,-0.00832277350127697,0.40693598985671997,0.7538018822669983,-0.02391001582145691,0.44695350527763367,0.7347444295883179,-0.03992677107453346,0.3208884596824646,0.6654683351516724,0.0004721705918200314,0.3335886001586914,0.5837123394012451,-0.02249084785580635,0.36787059903144836,0.5668156147003174,-0.041332680732011795,0.39905840158462524,0.5733870267868042,-0.05255069211125374,0.30034780502319336,0.6656460762023926,-0.01724204607307911,0.3123268187046051,0.566994845867157,-0.040706925094127655,0.35596007108688354,0.5525068044662476,-0.05811924859881401,0.39066100120544434,0.5727220773696899,-0.06741694360971451,0.2814966142177582,0.6787430047988892,-0.03727957233786583,0.2963123917579651,0.5833550691604614,-0.0579916350543499,0.33988156914711,0.5673283934593201,-0.06895002722740173,0.37615761160850525,0.5796159505844116,-0.07353731244802475,0.2677260637283325,0.7036823034286499,-0.05802169814705849,0.28900906443595886,0.6377837061882019,-0.07611850649118423,0.32189008593559265,0.6080056428909302,-0.08457989245653152,0.3521232604980469,0.5989962816238403,-0.08809767663478851
c,0.2363334745168686,0.8869537115097046,3.06305054209588e-07,0.29846346378326416,0.8491779565811157,0.0077255601063370705,0.34758880734443665,0.7943854331970215,0.0006188490078784525,0.3899396061897278,0.7685628533363342,-0.014813791029155254,0.43035411834716797,0.7498025894165039,-0.03152263164520264,0.30264461040496826,0.6808995008468628,0.007046370767056942,0.3148801624774933,0.596085786819458,-0.015376457944512367,0.35120296478271484,0.5812641382217407,-0.03424718603491783,0.38327282667160034,0.5912443399429321,-0.04563676193356514,0.2817593812942505,0.6836751103401184,-0.015081776306033134,0.2977439761161804,0.5837195515632629,-0.038415517657995224,0.34343379735946655,0.5724581480026245,-0.0570799894630909,0.3778333067893982,0.5957949161529541,-0.06750994175672531,0.26303523778915405,0.6968681812286377,-0.039183150976896286,0.28427889943122864,0.6019489765167236,-0.059353504329919815,0.3328070044517517,0.58820641040802,-0.07129375636577606,0.3709726929664612,0.6030442714691162,-0.07706722617149353,0.2504037022590637,0.7212177515029907,-0.06350049376487732,0.2768467366695404,0.6541652679443359,-0.0812559425830841,0.3136388063430786,0.6292271018028259,-0.08970685303211212,0.34534114599227905,0.6260851621627808,-0.09361856430768967
c,0.23652610182762146,0.8941615223884583,3.213349089037365e-07,0.29893139004707336,0.857931911945343,0.005561759229749441,0.3486657440662384,0.8039340376853943,-0.003014111891388893,0.3919413089752197,0.7794625163078308,-0.019614648073911667,0.43199723958969116,0.760320782661438,-0.037375036627054214,0.3040788471698761,0.6883588433265686,0.0035930483136326075,0.3167298138141632,0.6034308671951294,-0.020720019936561584,0.3550369143486023,0.5917874574661255,-0.04060850292444229,0.38760071992874146,0.6070778965950012,-0.052111681550741196,0.2831714153289795,0.6909066438674927,-0.017441170290112495,0.30193859338760376,0.5916436314582825,-0.042436763644218445,0.3489912152290344,0.5848762392997742,-0.061280857771635056,0.38267821073532104,0.6120374798774719,-0.0712146908044815,0.2644505202770233,0.7036553025245667,-0.04054833576083183,0.28760018944740295,0.608832836151123,-0.06176675111055374,0.3370262384414673,0.5988883972167969,-0.0732787624001503,0.3739248812198639,0.6186243891716003,-0.07817692309617996,0.2515549659729004,0.7278344035148621,-0.0640687569975853,0.278958797454834,0.6607165336608887,-0.08242591470479965,0.3171207308769226,0.6382459998130798,-0.09055446833372116,0.34910356998443604,0.6394670009613037,-0.09372933208942413
c,0.2305869609117508,0.9107257723808289,2.773341520878603e-07,0.2955458462238312,0.8755939602851868,0.00905125867575407,0.34831616282463074,0.8252949118614197,0.002013705438002944,0.3919747769832611,0.8047969341278076,-0.013393707573413849,0.4331118166446686,0.7932681441307068,-0.03022843785583973,0.3056635856628418,0.7047024965286255,0.00486350292339921,0.32173699140548706,0.6193296909332275,-0.01850838214159012,0.3599151372909546,0.610332727432251,-0.0375991016626358,0.39318811893463135,0.6238949298858643,-0.04927946254611015,0.2847043573856354,0.7074546813964844,-0.01791239343583584,0.3067178726196289,0.6078848838806152,-0.04190298169851303,0.3533870279788971,0.6026244759559631,-0.06000940129160881,0.3871029019355774,0.6272058486938477,-0.07037092000246048,0.26588118076324463,0.7206998467445374,-0.0423402413725853,0.29286685585975647,0.6274970173835754,-0.06273944675922394,0.34297245740890503,0.6196422576904297,-0.0735444650053978,0.38111796975135803,0.6370616555213928,-0.07872332632541656,0.25328147411346436,0.7449616193771362,-0.06697793304920197,0.2820281684398651,0.6786158084869385,-0.08498984575271606,0.3209936320781708,0.656988263130188,-0.0930299311876297,0.35418105125427246,0.656225323677063,-0.09678751230239868
c,0.2302081435918808,0.907992959022522,3.227454214993486e-07,0.29509052634239197,0.8722193241119385,0.00775383273139596,0.34730374813079834,0.822108805179596,-0.0017259386368095875,0.39119142293930054,0.8010091781616211,-0.019574441015720367,0.43394574522972107,0.7866295576095581,-0.03911568224430084,0.3047378659248352,0.703511118888855,0.0015508942306041718,0.3218564987182617,0.6196075081825256,-0.022931329905986786,0.35923099517822266,0.6084191799163818,-0.043488796800374985,0.39235737919807434,0.6193581819534302,-0.056761715561151505,0.282858669757843,0.706807017326355,-0.022206546738743782,0.305582195520401,0.6063498258590698,-0.04855426028370857,0.35219377279281616,0.6000233888626099,-0.06984981149435043,0.3866383135318756,0.623620867729187,-0.08277061581611633,0.26344385743141174,0.7213331460952759,-0.04744785651564598,0.2897230386734009,0.6267070174217224,-0.06920240074396133,0.339216023683548,0.6171162128448486,-0.08294090628623962,0.377437561750412,0.6330035924911499,-0.09072386473417282,0.25039833784103394,0.7480024099349976,-0.07283646613359451,0.27839234471321106,0.6816359758377075,-0.09106297791004181,0.316214382648468,0.6574831008911133,-0.10070940107107162,0.34907829761505127,0.6526984572410583,-0.10647615790367126
c,0.23069170117378235,0.9073233008384705,3.199860714175884e-07,0.29339706897735596,0.8730130791664124,0.005478840321302414,0.3460664451122284,0.8205789923667908,-0.003435474820435047,0.39010006189346313,0.7984152436256409,-0.0196582842618227,0.43156033754348755,0.7853657007217407,-0.03712523728609085,0.302684485912323,0.7000759840011597,-0.00023623232846148312,0.3190619945526123,0.6158123016357422,-0.02472045086324215,0.35658586025238037,0.6044790148735046,-0.044605668634176254,0.3894212245941162,0.6162375211715698,-0.05680958926677704,0.28084883093833923,0.7035737037658691,-0.021232256665825844,0.3044298589229584,0.6048595905303955,-0.04681076854467392,0.3502282500267029,0.5985461473464966,-0.06588216871023178,0.3835483491420746,0.6220523118972778,-0.07674015313386917,0.2612881064414978,0.7178190350532532,-0.04391008988022804,0.2891014516353607,0.624518632888794,-0.06535769253969193,0.33778277039527893,0.6146541833877563,-0.07711195945739746,0.3751932978630066,0.6305437684059143,-0.08292979001998901,0.2474774718284607,0.7435663342475891,-0.06693577021360397,0.2769814729690552,0.6789013743400574,-0.08571995794773102,0.3149341344833374,0.6545393466949463,-0.09483229368925095,0.34796127676963806,0.6500481963157654,-0.09943468123674393
c,0.22900766134262085,0.9096353650093079,3.158752974741219e-07,0.29058825969696045,0.8738009929656982,0.005342050921171904,0.34360188245773315,0.8206090927124023,-0.004072157666087151,0.38739776611328125,0.7978216409683228,-0.02094138227403164,0.42880505323410034,0.7838668823242188,-0.03892631456255913,0.2995857000350952,0.7009700536727905,-0.0008653555414639413,0.3153296113014221,0.6123163104057312,-0.026514502242207527,0.3545013666152954,0.6038129329681396,-0.04681459069252014,0.38723480701446533,0.6202311515808105,-0.05856964364647865,0.27840933203697205,0.7043719291687012,-0.02175244502723217,0.3020167052745819,0.6023047566413879,-0.04763203486800194,0.3493223488330841,0.5978847146034241,-0.06584591418504715,0.38189512491226196,0.6244025230407715,-0.07551860809326172,0.2590634822845459,0.7183876037597656,-0.044410835951566696,0.28729772567749023,0.6214357614517212,-0.0656600221991539,0.33748286962509155,0.6133942604064941,-0.07579828053712845,0.3744630515575409,0.6321332454681396,-0.08002600818872452,0.2451782524585724,0.7435221672058105,-0.0675104632973671,0.2741263806819916,0.6762151122093201,-0.08594749867916107,0.31286123394966125,0.6532779932022095,-0.0936458483338356,0.34525877237319946,0.6517986059188843,-0.09668943285942078
c,0.22539040446281433,0.9057664275169373,3.0679578344461333e-07,0.29014861583709717,0.8700026273727417,0.00763745279982686,0.34344783425331116,0.816524863243103,-0.00012343403068371117,0.3878329396247864,0.7935284972190857,-0.016124308109283447,0.4295336604118347,0.7775076031684875,-0.03358839824795723,0.30158132314682007,0.6973294615745544,0.004256165120750666,0.3178004026412964,0.6132256984710693,-0.019785912707448006,0.35496315360069275,0.6002044677734375,-0.039731334894895554,0.38687223196029663,0.6128003001213074,-0.05168280377984047,0.2793295383453369,0.6996104121208191,-0.01843583956360817,0.30070170760154724,0.599433183670044,-0.043926991522312164,0.3469538390636444,0.5912033319473267,-0.06341878324747086,0.3806397318840027,0.6168826818466187,-0.07399638742208481,0.25919079780578613,0.7135854959487915,-0.04291100427508354,0.2850373685359955,0.6175572872161865,-0.06446260213851929,0.33333128690719604,0.6062415838241577,-0.07635847479104996,0.37039458751678467,0.6239649057388306,-0.08180225640535355,0.24471557140350342,0.7395747303962708,-0.06759540736675262,0.2734653949737549,0.6718812584877014,-0.08652248233556747,0.311273992061615,0.6465004086494446,-0.09536189585924149,0.34391528367996216,0.6430644989013672,-0.09933986514806747
c,0.2386026680469513,0.8876864910125732,3.10225090061067e-07,0.304015189409256,0.8524410128593445,0.00803664606064558,0.3555997312068939,0.8016073107719421,0.00011199168511666358,0.39930200576782227,0.7788434624671936,-0.015991773456335068,0.4416169226169586,0.7668445706367493,-0.033184271305799484,0.31412333250045776,0.6846804022789001,0.0040437583811581135,0.3321695923805237,0.6009131669998169,-0.01896381750702858,0.3699915111064911,0.5897728800773621,-0.03738211840391159,0.4026944637298584,0.6013216972351074,-0.048680976033210754,0.29283013939857483,0.6861106157302856,-0.018578646704554558,0.3147687613964081,0.5852511525154114,-0.04264683648943901,0.361848920583725,0.577988862991333,-0.059879887849092484,0.3964962959289551,0.6019264459609985,-0.06924860179424286,0.2740384340286255,0.6993797421455383,-0.04292181506752968,0.3000498116016388,0.6037799715995789,-0.06358232349157333,0.3490039110183716,0.5937994718551636,-0.07353301346302032,0.3870547413825989,0.6096255779266357,-0.07792071998119354,0.26143741607666016,0.7242265939712524,-0.06753137707710266,0.28911346197128296,0.6588709354400635,-0.0855112075805664,0.32593584060668945,0.6334477066993713,-0.09324681758880615,0.357817143201828,0.627761960029602,-0.09668794274330139
c,0.2603614628314972,0.8698093295097351,3.430095034673286e-07,0.3247123956680298,0.8389089107513428,0.008481494151055813,0.37657487392425537,0.7894369959831238,0.003139182459563017,0.42015448212623596,0.7664686441421509,-0.010172068141400814,0.4614628553390503,0.7537656426429749,-0.024048078805208206,0.33064180612564087,0.6651852130889893,0.013642626814544201,0.35409820079803467,0.5885388255119324,-0.004537022672593594,0.3925171494483948,0.5756303071975708,-0.02061830833554268,0.4254303276538849,0.5839040279388428,-0.030405117198824883,0.3110756576061249,0.6639175415039062,-0.00654703751206398,0.34023264050483704,0.5720195770263672,-0.02469749003648758,0.3864435851573944,0.5629340410232544,-0.03861645609140396,0.4202406108379364,0.5850210189819336,-0.04599009454250336,0.2955183684825897,0.6746139526367188,-0.028794292360544205,0.3290257453918457,0.5859052538871765,-0.044531967490911484,0.377116322517395,0.5765637159347534,-0.05124686285853386,0.4139466881752014,0.5933379530906677,-0.05361207574605942,0.28721174597740173,0.6964446306228638,-0.05161978676915169,0.321480393409729,0.6348704695701599,-0.06560923904180527,0.36004647612571716,0.6140610575675964,-0.06999716907739639,0.3923284411430359,0.6135252714157104,-0.07082027196884155
r,0.2969987094402313,0.8988180160522461,4.1651728110991826e-07,0.34723925590515137,0.8519793748855591,-0.02289702370762825,0.3766520619392395,0.7772029638290405,-0.03220038115978241,0.3723085820674896,0.7125250697135925,-0.042798254638910294,0.34138524532318115,0.668805718421936,-0.05145595967769623,0.3369413912296295,0.6746842265129089,-0.00888466089963913,0.3334060311317444,0.5880552530288696,-0.023098936304450035,0.32852649688720703,0.5360320210456848,-0.0330602303147316,0.3237699568271637,0.48815828561782837,-0.03994473069906235,0.3090086281299591,0.6742499470710754,-0.012952079065144062,0.3037169873714447,0.5718224048614502,-0.030764281749725342,0.31805098056793213,0.5179646611213684,-0.040953464806079865,0.3305750787258148,0.4770597219467163,-0.04610767960548401,0.2816612720489502,0.6931248903274536,-0.020649390295147896,0.3006008565425873,0.6284542083740234,-0.05281403660774231,0.32469406723976135,0.6851375699043274,-0.053492624312639236,0.3318723440170288,0.7343154549598694,-0.043887149542570114,0.2593497037887573,0.723736047744751,-0.030208725482225418,0.28099632263183594,0.656653642654419,-0.054998185485601425,0.3038892447948456,0.6955386400222778,-0.05007953569293022,0.31150612235069275,0.7428095936775208,-0.04020542651414871
r,0.2953144311904907,0.8978748917579651,4.3656407910930284e-07,0.34155169129371643,0.8462099432945251,-0.025669528171420097,0.36589711904525757,0.769298791885376,-0.035663969814777374,0.35427412390708923,0.710794985294342,-0.0459933876991272,0.3202384114265442,0.6709900498390198,-0.054163191467523575,0.3210310935974121,0.6608413457870483,-0.01008349284529686,0.30917245149612427,0.58194500207901,-0.024469226598739624,0.2980291545391083,0.5309922695159912,-0.03491979464888573,0.2879909574985504,0.48584750294685364,-0.04201376438140869,0.2911267876625061,0.6661197543144226,-0.013061609119176865,0.27919241786003113,0.5695269107818604,-0.030488712713122368,0.28668057918548584,0.5139245986938477,-0.04089856520295143,0.29376310110092163,0.47228044271469116,-0.04565640911459923,0.26343482732772827,0.6918314695358276,-0.020039649680256844,0.2797324061393738,0.6336813569068909,-0.052927643060684204,0.3064731955528259,0.6908805966377258,-0.05424864962697029,0.31600427627563477,0.7377475500106812,-0.04434159770607948,0.2411612570285797,0.7300439476966858,-0.029023144394159317,0.26006603240966797,0.6705964803695679,-0.05471865460276604,0.28468266129493713,0.7088598012924194,-0.05031844228506088,0.2940778136253357,0.7510238885879517,-0.04028233513236046
r,0.2943233251571655,0.8966295123100281,4.3581709974205296e-07,0.34028035402297974,0.8443138599395752,-0.025651024654507637,0.36375147104263306,0.7655678391456604,-0.035732802003622055,0.350089430809021,0.7066854238510132,-0.04624173045158386,0.31373777985572815,0.6709603667259216,-0.054723940789699554,0.31654345989227295,0.6575263142585754,-0.0107034333050251,0.30353909730911255,0.578477680683136,-0.025133976712822914,0.29179567098617554,0.5278301239013672,-0.03559158369898796,0.28168731927871704,0.4831940829753876,-0.04270228371024132,0.2853609323501587,0.6651022434234619,-0.014013083651661873,0.27228590846061707,0.5690990686416626,-0.031358975917100906,0.27808165550231934,0.5129437446594238,-0.04175243899226189,0.28391435742378235,0.4707810580730438,-0.046581752598285675,0.25742945075035095,0.6931121349334717,-0.02124294452369213,0.27226385474205017,0.6335117816925049,-0.054451245814561844,0.3005954325199127,0.6914534568786621,-0.05537493899464607,0.3115580976009369,0.7394759654998779,-0.0450500063598156,0.23577260971069336,0.7337465882301331,-0.030508337542414665,0.2530558109283447,0.6711133718490601,-0.05632353574037552,0.2785039246082306,0.7086337804794312,-0.0515863262116909,0.28928372263908386,0.7510113716125488,-0.041256122291088104
r,0.2917819321155548,0.8975797295570374,4.6815102905384265e-07,0.3406970798969269,0.8470950126647949,-0.023632675409317017,0.36816585063934326,0.7701278328895569,-0.032868824899196625,0.3574426770210266,0.7060543894767761,-0.04313458129763603,0.322845458984375,0.6673824787139893,-0.051655903458595276,0.32881659269332886,0.6702633500099182,-0.008791904896497726,0.3271713852882385,0.5864253044128418,-0.02403806708753109,0.3232429027557373,0.535071611404419,-0.034173354506492615,0.31847742199897766,0.4879005551338196,-0.0406438373029232,0.3004142642021179,0.6708990931510925,-0.012515034526586533,0.30185845494270325,0.5700134038925171,-0.03173113614320755,0.3153051733970642,0.5148610472679138,-0.042764246463775635,0.3248211145401001,0.47162339091300964,-0.047629423439502716,0.2716311812400818,0.6907011866569519,-0.019991757348179817,0.29193368554115295,0.6330150961875916,-0.054802000522613525,0.3137693703174591,0.6915714740753174,-0.05717751383781433,0.31862354278564453,0.7393657565116882,-0.04742329940199852,0.2455640584230423,0.7231773138046265,-0.029033133760094643,0.26783880591392517,0.6626890897750854,-0.055278971791267395,0.2903647720813751,0.7040328979492188,-0.05057097226381302,0.29705044627189636,0.7497711777687073,-0.04011247307062149
r,0.29981791973114014,0.892227053642273,4.727392592940305e-07,0.34787309169769287,0.8433499336242676,-0.02246027998626232,0.37538546323776245,0.7739701271057129,-0.03370172157883644,0.3707818388938904,0.7139990925788879,-0.04623248428106308,0.34059736132621765,0.6736195683479309,-0.05696013569831848,0.3389846384525299,0.6689540147781372,-0.012965362519025803,0.3397976756095886,0.5840186476707458,-0.0296180360019207,0.33798447251319885,0.5315029621124268,-0.04027532413601875,0.33592459559440613,0.4831331968307495,-0.04696711525321007,0.31078898906707764,0.6704617142677307,-0.017717964947223663,0.3113897442817688,0.5696242451667786,-0.03820917755365372,0.32587435841560364,0.5135358572006226,-0.04974226653575897,0.33730360865592957,0.46919670701026917,-0.05530081316828728,0.28257450461387634,0.6910990476608276,-0.025574183091521263,0.30250269174575806,0.6293196082115173,-0.05902991071343422,0.3253873884677887,0.684342622756958,-0.05990760400891304,0.3316619396209717,0.7308717966079712,-0.04988632723689079,0.2575315237045288,0.7244545817375183,-0.03503977879881859,0.28007274866104126,0.6620787382125854,-0.05908738821744919,0.3028188943862915,0.6998265981674194,-0.05314992368221283,0.30974137783050537,0.7435384392738342,-0.04229767620563507
r,0.30450597405433655,0.8840624690055847,4.654125973502232e-07,0.3536997437477112,0.8381498456001282,-0.024538174271583557,0.3834056258201599,0.7648111581802368,-0.034765277057886124,0.3772783875465393,0.7038803100585938,-0.04570348933339119,0.34645402431488037,0.6609670519828796,-0.054602041840553284,0.3444471061229706,0.6573696732521057,-0.011467959731817245,0.34046685695648193,0.5714314579963684,-0.026068538427352905,0.3367583155632019,0.5189239382743835,-0.035616353154182434,0.3329158425331116,0.47181251645088196,-0.04157228767871857,0.31551140546798706,0.6598807573318481,-0.014825068414211273,0.3142554759979248,0.5583795309066772,-0.0321631096303463,0.3281570076942444,0.5031672716140747,-0.0414123572409153,0.3388870358467102,0.46174854040145874,-0.04525742679834366,0.2872927188873291,0.6814137101173401,-0.0219860952347517,0.3084016740322113,0.6206731200218201,-0.05462682247161865,0.331272155046463,0.678891658782959,-0.05563904345035553,0.3372054398059845,0.7269338965415955,-0.04548221454024315,0.263762891292572,0.7147895693778992,-0.031006870791316032,0.28832489252090454,0.652524471282959,-0.05566592887043953,0.3097321391105652,0.6927429437637329,-0.05070475488901138,0.3153224587440491,0.7371137738227844,-0.04041348770260811
r,0.3030303418636322,0.8818684816360474,4.45912064606091e-07,0.3516557216644287,0.8347011208534241,-0.0234592966735363,0.38002052903175354,0.7595622539520264,-0.033336810767650604,0.3737035095691681,0.6968283653259277,-0.044143881648778915,0.3404355049133301,0.6579506993293762,-0.05319758132100105,0.3384643495082855,0.6525176763534546,-0.011096196249127388,0.33378589153289795,0.5673215389251709,-0.025620540603995323,0.33004599809646606,0.5153902769088745,-0.03560236468911171,0.3259211778640747,0.4684795141220093,-0.042199909687042236,0.31012892723083496,0.6558188796043396,-0.015151971951127052,0.30666273832321167,0.5546848177909851,-0.03250899910926819,0.32048726081848145,0.5001974105834961,-0.04219398647546768,0.3309013247489929,0.45873358845710754,-0.04669669643044472,0.2826872766017914,0.6788885593414307,-0.022788655012845993,0.302103728055954,0.6184033155441284,-0.055209655314683914,0.32658377289772034,0.6757963299751282,-0.0561012364923954,0.333172082901001,0.7236818671226501,-0.046225231140851974,0.2599375247955322,0.7143488526344299,-0.03219695761799812,0.2818281948566437,0.6495485901832581,-0.056849781423807144,0.3046363294124603,0.6884902119636536,-0.05159734934568405,0.3114272356033325,0.7333725094795227,-0.041323646903038025
r,0.30344533920288086,0.8768338561058044,4.4403577703633346e-07,0.3521732985973358,0.8290867209434509,-0.023799920454621315,0.37863439321517944,0.7529904246330261,-0.03356677666306496,0.3700888752937317,0.6907534003257751,-0.044322721660137177,0.33559006452560425,0.6520861387252808,-0.05328013747930527,0.33488303422927856,0.6480611562728882,-0.010707825422286987,0.32802286744117737,0.5625364184379578,-0.02519172616302967,0.3223068118095398,0.5108264684677124,-0.03498898446559906,0.3167846202850342,0.464389443397522,-0.04138185456395149,0.30620554089546204,0.6522418260574341,-0.01471440028399229,0.3004068434238434,0.5506448745727539,-0.03250851854681969,0.31272879242897034,0.49455726146698,-0.04245937988162041,0.32208555936813354,0.45208579301834106,-0.04696086049079895,0.2791388928890228,0.6755099296569824,-0.022381531074643135,0.2978613078594208,0.6131836175918579,-0.05542228743433952,0.3236084282398224,0.6710087656974792,-0.056114330887794495,0.33103078603744507,0.7195515036582947,-0.04579520970582962,0.25710001587867737,0.7108438014984131,-0.03188847005367279,0.2782922387123108,0.6443565487861633,-0.05703933537006378,0.3017336130142212,0.6835108995437622,-0.051659781485795975,0.30917268991470337,0.7290418148040771,-0.041093580424785614
r,0.3031490445137024,0.8791599869728088,4.5632805267814547e-07,0.3509807884693146,0.8290566205978394,-0.02498006634414196,0.3772823214530945,0.7520621418952942,-0.035158671438694,0.3670317530632019,0.6911979913711548,-0.04608655720949173,0.33300167322158813,0.6520810723304749,-0.055047959089279175,0.33276885747909546,0.6488233804702759,-0.011452716775238514,0.3253481388092041,0.5643642544746399,-0.02650229074060917,0.3191004991531372,0.5123564600944519,-0.036469265818595886,0.3127477169036865,0.46612751483917236,-0.0428311824798584,0.30410152673721313,0.6529422998428345,-0.015189898200333118,0.2981155216693878,0.5506066679954529,-0.033810317516326904,0.30897367000579834,0.49446842074394226,-0.0442001037299633,0.31696805357933044,0.452502965927124,-0.04859909787774086,0.27673277258872986,0.6766311526298523,-0.022749001160264015,0.29669153690338135,0.6150936484336853,-0.05694154277443886,0.3217802345752716,0.6739185452461243,-0.058088354766368866,0.32846274971961975,0.7216577529907227,-0.04763359576463699,0.2543376088142395,0.7125963568687439,-0.03214097023010254,0.27646633982658386,0.6474956274032593,-0.058091986924409866,0.29978325963020325,0.6877327561378479,-0.05290327966213226,0.3069760501384735,0.7329710721969604,-0.04220696911215782
s,0.2734065055847168,0.8407479524612427,-3.320075450119475e-07,0.3198225796222687,0.8010362386703491,-0.012868672609329224,0.3471168875694275,0.7166780829429626,-0.018177485093474388,0.33209729194641113,0.6492053866386414,-0.02481888048350811,0.30163198709487915,0.6075483560562134,-0.027118688449263573,0.3406703472137451,0.6559999585151672,0.001392511767335236,0.3708648383617401,0.6011455059051514,-0.0192324947565794,0.36077964305877686,0.6520839333534241,-0.03138669580221176,0.34424710273742676,0.6747393012046814,-0.038340166211128235,0.30673667788505554,0.6453260779380798,-0.005145140457898378,0.3372533619403839,0.5808010101318359,-0.024286024272441864,0.33136826753616333,0.6435272097587585,-0.02969546988606453,0.3146323263645172,0.6613367795944214,-0.029661715030670166,0.2722635567188263,0.6492732763290405,-0.015280849300324917,0.2945924401283264,0.5894777774810791,-0.03723571449518204,0.30010366439819336,0.6532177925109863,-0.028426675125956535,0.28574711084365845,0.672676146030426,-0.01828460954129696,0.23566052317619324,0.6621899604797363,-0.026469513773918152,0.26369744539260864,0.6165521144866943,-0.03970857709646225,0.2732909619808197,0.6625258326530457,-0.026801107451319695,0.2617037296295166,0.6833489537239075,-0.015051021240651608
s,0.27405667304992676,0.8410850763320923,-3.175732388172037e-07,0.320028692483902,0.802020788192749,-0.01368066668510437,0.3475824296474457,0.7177754044532776,-0.019302625209093094,0.33319318294525146,0.6491186022758484,-0.026074012741446495,0.3032678961753845,0.606738805770874,-0.028495732694864273,0.3414624333381653,0.6567635536193848,0.0016565816476941109,0.3714551329612732,0.6027270555496216,-0.01865704171359539,0.36119595170021057,0.6535583734512329,-0.030898163095116615,0.34524834156036377,0.6762393116950989,-0.03790701925754547,0.3081821799278259,0.6455436944961548,-0.004395605530589819,0.33880436420440674,0.5816212892532349,-0.023096546530723572,0.3326100707054138,0.6433146595954895,-0.02846984751522541,0.3162986636161804,0.6610142588615417,-0.02829698845744133,0.2737000286579132,0.6486375331878662,-0.014162055216729641,0.29557374119758606,0.5884655714035034,-0.036237653344869614,0.30104076862335205,0.6516315340995789,-0.02785615064203739,0.28721296787261963,0.6715254783630371,-0.017734697088599205,0.23659151792526245,0.6605393886566162,-0.025002969428896904,0.26378926634788513,0.6148675680160522,-0.03881814703345299,0.2735022306442261,0.6609249711036682,-0.026246588677167892,0.2624121606349945,0.6826884150505066,-0.014406242407858372
s,0.2760457992553711,0.8337346911430359,-3.3325599702038744e-07,0.32245293259620667,0.7971230745315552,-0.011672329157590866,0.3545258641242981,0.7131299376487732,-0.01536498498171568,0.3417668044567108,0.6446501612663269,-0.02056899666786194,0.31345412135124207,0.6005836725234985,-0.021274078637361526,0.35162124037742615,0.6526101231575012,0.003968107979744673,0.3826095461845398,0.6007382869720459,-0.015047580003738403,0.3691166639328003,0.6512898802757263,-0.02595684677362442,0.3523408770561218,0.6709954142570496,-0.032279904931783676,0.31781482696533203,0.6387354135513306,-0.0027912333607673645,0.3500817120075226,0.5768582820892334,-0.021569659933447838,0.34106847643852234,0.6405048966407776,-0.026970643550157547,0.32409656047821045,0.6575449705123901,-0.02652689814567566,0.28333988785743713,0.6394977569580078,-0.012995894998311996,0.30868905782699585,0.5799224972724915,-0.03380819037556648,0.31080371141433716,0.6450753211975098,-0.02465532161295414,0.2946292459964752,0.6637161374092102,-0.01423264667391777,0.24639026820659637,0.6492475867271423,-0.024207688868045807,0.27788102626800537,0.6036799550056458,-0.035857703536748886,0.28495943546295166,0.6504302620887756,-0.02240360528230667,0.2715470492839813,0.6701000332832336,-0.010320821776986122
s,0.27824777364730835,0.8338760137557983,-2.8594047307706205e-07,0.3262177109718323,0.791893720626831,-0.011862126179039478,0.35264861583709717,0.7089371681213379,-0.017024869099259377,0.33895665407180786,0.642486035823822,-0.023742351680994034,0.3118530511856079,0.598680317401886,-0.02667430229485035,0.34799766540527344,0.653889000415802,0.0018052812665700912,0.3778756260871887,0.598868727684021,-0.017366331070661545,0.3702101409435272,0.6451521515846252,-0.029305459931492805,0.35625043511390686,0.6661603450775146,-0.036389511078596115,0.31569257378578186,0.6418562531471252,-0.004986481741070747,0.34720611572265625,0.5759092569351196,-0.022810539230704308,0.3420522212982178,0.6358863115310669,-0.02862081304192543,0.32572031021118164,0.6546074748039246,-0.0292142853140831,0.28143227100372314,0.6429546475410461,-0.015112589113414288,0.3044564723968506,0.5791734457015991,-0.03631487116217613,0.3094366788864136,0.6414405703544617,-0.028647974133491516,0.2949158847332001,0.6626222729682922,-0.019367042928934097,0.24376779794692993,0.6522305011749268,-0.02608662098646164,0.2718021869659424,0.6044167280197144,-0.03968215361237526,0.2814338207244873,0.6504622101783752,-0.02753574401140213,0.2698816955089569,0.6739381551742554,-0.016217513009905815
s,0.27450403571128845,0.8323867321014404,-2.987703169310407e-07,0.3193031847476959,0.7884438633918762,-0.012967602349817753,0.34011369943618774,0.7028763890266418,-0.017737047746777534,0.3239152133464813,0.6366515755653381,-0.02377699315547943,0.29789212346076965,0.5930346250534058,-0.025320716202259064,0.33615630865097046,0.6509559154510498,0.0013039304176345468,0.3623037040233612,0.5894333124160767,-0.017456410452723503,0.3545100688934326,0.640330970287323,-0.02772616036236286,0.3408414125442505,0.6607779264450073,-0.033795516937971115,0.3038550615310669,0.6409851312637329,-0.004685010761022568,0.33064356446266174,0.5704653859138489,-0.022364569827914238,0.32609105110168457,0.6330544352531433,-0.026404013857245445,0.3108605146408081,0.6510993242263794,-0.02579168975353241,0.26948562264442444,0.6442712545394897,-0.01430798415094614,0.2889641523361206,0.5765315294265747,-0.03509781137108803,0.29526495933532715,0.6396586894989014,-0.02601785957813263,0.2815067768096924,0.660764753818512,-0.01593826711177826,0.23194435238838196,0.65500807762146,-0.024968426674604416,0.2548753023147583,0.6071015000343323,-0.03765721619129181,0.2656902074813843,0.6502630710601807,-0.025364115834236145,0.2553832530975342,0.6708304286003113,-0.01424853503704071
s,0.27135834097862244,0.831418514251709,-2.9459627626238216e-07,0.31564071774482727,0.7834194898605347,-0.011754960753023624,0.33305418491363525,0.699415922164917,-0.016534646973013878,0.3136051297187805,0.6354472041130066,-0.022875113412737846,0.28429609537124634,0.5960334539413452,-0.025114668533205986,0.3271755278110504,0.6483933329582214,0.0012263425160199404,0.34953412413597107,0.5833399891853333,-0.017133375629782677,0.3434850871562958,0.6346344351768494,-0.027260322123765945,0.3317093849182129,0.6588662266731262,-0.0329267717897892,0.29474517703056335,0.6412127614021301,-0.005029668565839529,0.31780803203582764,0.5679589509963989,-0.021730948239564896,0.3154307007789612,0.6293978691101074,-0.025516560301184654,0.3021010756492615,0.6501590013504028,-0.024765262380242348,0.2607504427433014,0.6467845439910889,-0.014655501581728458,0.2760140001773834,0.5762608051300049,-0.03488883748650551,0.2842192053794861,0.6380902528762817,-0.026093145832419395,0.2728326618671417,0.6629782915115356,-0.016005877405405045,0.22345972061157227,0.6599428057670593,-0.02515047788619995,0.24177052080631256,0.6074116230010986,-0.037857536226511,0.25454196333885193,0.6500171422958374,-0.02565152943134308,0.24723529815673828,0.6744316816329956,-0.01431039348244667
s,0.27069854736328125,0.8338214755058289,-3.3287153655692236e-07,0.31521084904670715,0.787503182888031,-0.011818042024970055,0.3341858983039856,0.7016985416412354,-0.016981691122055054,0.31215304136276245,0.6363905072212219,-0.023716045543551445,0.2782038450241089,0.6002510786056519,-0.02613545022904873,0.32672661542892456,0.6491172313690186,0.0013564091641455889,0.3495951294898987,0.5844212174415588,-0.01867019571363926,0.34357118606567383,0.6384773254394531,-0.029658643528819084,0.33103740215301514,0.6641854643821716,-0.0355922169983387,0.2930472493171692,0.6424900889396667,-0.0052207824774086475,0.31655776500701904,0.5699717998504639,-0.0228196419775486,0.31434234976768494,0.6335866451263428,-0.02632669173181057,0.3004925847053528,0.6527442932128906,-0.02520853281021118,0.258659303188324,0.6491251587867737,-0.01536422036588192,0.27409446239471436,0.5816057324409485,-0.03644425794482231,0.28295350074768066,0.64409339427948,-0.026808280497789383,0.27097824215888977,0.6663037538528442,-0.016072401776909828,0.22131815552711487,0.6635742783546448,-0.026411710307002068,0.24176499247550964,0.6115148067474365,-0.03878825902938843,0.25462794303894043,0.6552139520645142,-0.02542690560221672,0.24612493813037872,0.6781529188156128,-0.01341406349092722
s,0.2719140648841858,0.8368820548057556,-3.368396050973388e-07,0.3191375136375427,0.7974715828895569,-0.014139777049422264,0.34515246748924255,0.715648889541626,-0.01986559107899666,0.3291720151901245,0.6476324200630188,-0.026589449495077133,0.2994021773338318,0.6063513159751892,-0.028476469218730927,0.34007400274276733,0.657995879650116,0.0021467681508511305,0.3665843904018402,0.5973551273345947,-0.01848648302257061,0.3581240475177765,0.6508451700210571,-0.03040975332260132,0.34316256642341614,0.6735623478889465,-0.03697744756937027,0.3079356551170349,0.6470141410827637,-0.0030960494186729193,0.33595559000968933,0.5776925086975098,-0.022207558155059814,0.33223989605903625,0.6431383490562439,-0.026601366698741913,0.3171481490135193,0.662482500076294,-0.02547316811978817,0.2738316059112549,0.6500387191772461,-0.012304156087338924,0.293456107378006,0.5849740505218506,-0.03427959978580475,0.30045464634895325,0.6474536061286926,-0.025362277403473854,0.28648173809051514,0.6681907176971436,-0.014698626473546028,0.23629707098007202,0.6611341834068298,-0.022623823955655098,0.2620547413825989,0.6125378012657166,-0.03572725132107735,0.2730678617954254,0.6561043858528137,-0.023229297250509262,0.2616702616214752,0.6771708130836487,-0.011510626412928104
s,0.2741234600543976,0.8413856625556946,-3.216472919120861e-07,0.32043319940567017,0.8036913275718689,-0.013047042302787304,0.35284918546676636,0.7195426821708679,-0.0181990135461092,0.34045863151550293,0.6504926681518555,-0.024568747729063034,0.31038427352905273,0.6075472235679626,-0.026717912405729294,0.344497412443161,0.6526474356651306,0.001839568023569882,0.3756977319717407,0.6029521822929382,-0.017453424632549286,0.36562609672546387,0.6545347571372986,-0.029102900996804237,0.35067594051361084,0.6751281023025513,-0.036156002432107925,0.31034740805625916,0.6406886577606201,-0.004609717521816492,0.34302929043769836,0.58099365234375,-0.0230561550706625,0.33719128370285034,0.6439769864082336,-0.028657013550400734,0.32096660137176514,0.6613339185714722,-0.028850272297859192,0.2755364179611206,0.6440591216087341,-0.014534604735672474,0.3007029592990875,0.5865809917449951,-0.035771891474723816,0.3063052296638489,0.6504300832748413,-0.027299638837575912,0.29201072454452515,0.6699333190917969,-0.017602315172553062,0.23837268352508545,0.6571769118309021,-0.025515440851449966,0.2690393924713135,0.6130086183547974,-0.03856596723198891,0.2786918580532074,0.6597910523414612,-0.025845525786280632,0.26687145233154297,0.6814213395118713,-0.014192035421729088
s,0.2735108435153961,0.8393682837486267,-3.2235536195912573e-07,0.319450318813324,0.8017103672027588,-0.013395819813013077,0.3530271649360657,0.7199830412864685,-0.019086841493844986,0.3402581214904785,0.6526331305503845,-0.025819292291998863,0.31134024262428284,0.6100248098373413,-0.028167838230729103,0.34551215171813965,0.6503229737281799,-0.0002950418565887958,0.3759104013442993,0.6027840375900269,-0.02003808133304119,0.3644121289253235,0.6559773683547974,-0.0313047394156456,0.34916234016418457,0.6738752126693726,-0.0383642204105854,0.30990707874298096,0.6385126709938049,-0.006850976496934891,0.3425150513648987,0.5826014876365662,-0.02532842755317688,0.33561766147613525,0.6465345621109009,-0.030357738956809044,0.319723904132843,0.6597648859024048,-0.030684223398566246,0.27483507990837097,0.642844021320343,-0.016792012378573418,0.300039678812027,0.5886094570159912,-0.03834830969572067,0.3051261901855469,0.6535559892654419,-0.029054755344986916,0.29071947932243347,0.6703640222549438,-0.019227657467126846,0.237966850399971,0.6565375924110413,-0.027782130986452103,0.26849913597106934,0.6150966882705688,-0.041002072393894196,0.2783479690551758,0.6621280312538147,-0.02782592363655567,0.26696348190307617,0.6810014247894287,-0.015965627506375313
s,0.2729991376399994,0.8397900462150574,-3.169344324760459e-07,0.3192395567893982,0.8020008206367493,-0.013097166083753109,0.3528032600879669,0.7206624150276184,-0.018787270411849022,0.3407554030418396,0.6532853245735168,-0.025520892813801765,0.3114719092845917,0.6110421419143677,-0.027900394052267075,0.34494414925575256,0.6495647430419922,0.00035219526034779847,0.37540775537490845,0.6030667424201965,-0.018954169005155563,0.3639974892139435,0.6563771963119507,-0.030186695978045464,0.34898650646209717,0.6740947365760803,-0.03733482211828232,0.30940720438957214,0.6374618411064148,-0.006247173063457012,0.34183093905448914,0.5821483731269836,-0.024417344480752945,0.33531439304351807,0.6462706327438354,-0.0294815506786108,0.31980791687965393,0.659421980381012,-0.029801616445183754,0.2743604779243469,0.6418362259864807,-0.01617891900241375,0.2997860908508301,0.5890853404998779,-0.03756558150053024,0.30480772256851196,0.6539346575737,-0.02858033962547779,0.2903212010860443,0.6701465249061584,-0.01895306631922722,0.23778939247131348,0.655984103679657,-0.027120009064674377,0.26858818531036377,0.6157721877098083,-0.040305670350790024,0.27783310413360596,0.6628934144973755,-0.027360064908862114,0.2659122943878174,0.6813567280769348,-0.01566862314939499
s,0.27251943945884705,0.840763509273529,-3.053589807677781e-07,0.31883707642555237,0.8021070957183838,-0.01286287046968937,0.35115742683410645,0.7202469706535339,-0.01835874281823635,0.33940327167510986,0.6525779366493225,-0.02512219361960888,0.3100188970565796,0.6099212765693665,-0.027740448713302612,0.34285539388656616,0.6526502966880798,0.001819145167246461,0.3736869990825653,0.6037766337394714,-0.017536016181111336,0.3642958998680115,0.6541399359703064,-0.029292777180671692,0.3492427468299866,0.6729844808578491,-0.0365988165140152,0.3088008463382721,0.6409532427787781,-0.004944691434502602,0.34088924527168274,0.5811213850975037,-0.023218940943479538,0.3355313837528229,0.6431869268417358,-0.02909633331000805,0.31934335827827454,0.6588118076324463,-0.029781658202409744,0.2743282914161682,0.6447997689247131,-0.015118707902729511,0.2992434501647949,0.5887441635131836,-0.0369378924369812,0.3048630356788635,0.6528961062431335,-0.028725333511829376,0.29019036889076233,0.6711727380752563,-0.019245093688368797,0.23769605159759521,0.6580994725227356,-0.02626204490661621,0.26832443475723267,0.6154667735099792,-0.03996959701180458,0.27799251675605774,0.6621924042701721,-0.02740654908120632,0.2659887671470642,0.6821770071983337,-0.015852442011237144
s,0.27294987440109253,0.8428534269332886,-3.312916589948145e-07,0.31802183389663696,0.8046343326568604,-0.012372344732284546,0.3516330420970917,0.7221564650535583,-0.017527930438518524,0.3399272859096527,0.6536988615989685,-0.02398754097521305,0.3102143704891205,0.6115396022796631,-0.026240339502692223,0.3415621221065521,0.6525577902793884,0.0019425797509029508,0.37254777550697327,0.6050547361373901,-0.017288416624069214,0.36206451058387756,0.65764981508255,-0.02832593396306038,0.3473861813545227,0.6762081980705261,-0.03514707833528519,0.30720943212509155,0.6413726806640625,-0.00502370111644268,0.33976492285728455,0.5851505994796753,-0.02395743876695633,0.3335684537887573,0.649748682975769,-0.029356542974710464,0.31755512952804565,0.6642406582832336,-0.0295140128582716,0.27294182777404785,0.6454405188560486,-0.01532142236828804,0.2986116409301758,0.5917586088180542,-0.03753241151571274,0.30352720618247986,0.6578331589698792,-0.02852305769920349,0.2892605662345886,0.6754199266433716,-0.018400082364678383,0.23663431406021118,0.6592928171157837,-0.026507284492254257,0.2673178017139435,0.6170774698257446,-0.03965329751372337,0.2765323519706726,0.6654341816902161,-0.026238908991217613,0.2651826739311218,0.6856417059898376,-0.014117560349404812
